日期,月份,平均價（元/公斤）,上價（元/公斤）,下價（元/公斤）,交易量（噸）,台北近30日均溫（℃）,台北近7日雨量（毫米）
2024-01-02,1,9.5,14.4,6.8,97.59,,
2024-01-03,1,8.8,12.5,5.2,97.76,,
2024-01-04,1,6.0,8.7,4.1,77.41,,
2024-01-05,1,7.3,10.4,5.3,96.32,,
2024-01-06,1,7.7,11.8,4.9,81.28,,
2024-01-07,1,8.0,11.4,5.0,85.28,,1.3
2024-01-09,1,8.1,11.2,5.4,92.36,,5.2
2024-01-10,1,8.6,10.7,7.0,89.27,,6.1
2024-01-11,1,8.1,10.3,5.7,81.69,,6.1
2024-01-12,1,8.7,11.6,5.8,75.62,,6.1
2024-01-13,1,9.6,12.5,6.6,62.29,,6.1
2024-01-14,1,12.8,18.8,8.9,56.17,,6.1
2024-01-16,1,11.5,14.0,8.1,83.12,,3.5
2024-01-17,1,10.4,13.8,7.6,89.18,,1.3
2024-01-18,1,8.8,10.9,5.7,52.36,,1.3
2024-01-19,1,8.8,13.4,5.6,90.81,,1.7
2024-01-20,1,9.0,13.3,5.1,88.34,,2.6
2024-01-21,1,9.3,13.2,5.4,76.45,,6.3
2024-01-23,1,9.9,13.6,6.4,88.87,,19.4
2024-01-24,1,9.6,12.6,6.2,82.48,,19.5
2024-01-25,1,11.7,14.8,7.4,67.08,,19.7
2024-01-26,1,11.1,14.5,7.1,74.03,,19.3
2024-01-27,1,10.9,13.9,7.1,75.06,,19.5
2024-01-28,1,10.6,13.5,7.4,79.47,,18.9
2024-01-30,1,11.3,14.1,8.1,84.23,15.7,11.3
2024-01-31,1,12.0,14.3,9.9,100.63,15.8,11.2
2024-02-02,2,10.2,13.4,7.0,116.87,16.1,11.1
2024-02-03,2,8.5,13.4,4.2,106.89,16.3,10.0
2024-02-04,2,6.5,12.2,3.3,95.14,16.4,8.0
2024-02-05,2,5.2,9.0,2.0,98.7,16.4,8.0
2024-02-06,2,5.7,13.4,2.0,112.71,16.4,8.0
2024-02-07,2,7.6,13.5,2.6,103.16,16.3,14.0
2024-02-08,2,5.6,11.0,2.0,124.83,16.2,26.6
2024-02-09,2,9.5,12.6,7.0,25.95,16.1,36.3
2024-02-15,2,10.1,12.3,6.3,111.34,16.2,10.2
2024-02-16,2,8.9,12.0,6.7,118.55,16.1,0.5
2024-02-17,2,11.5,15.5,7.8,96.58,16.0,0.5
2024-02-20,2,11.5,14.1,9.1,98.84,16.4,0.5
2024-02-21,2,8.1,11.4,5.2,105.64,16.8,0.5
2024-02-22,2,6.5,10.2,4.0,91.83,17.2,0.8
2024-02-23,2,6.6,10.6,3.2,97.24,17.4,0.7
2024-02-24,2,9.1,12.2,6.3,83.38,17.5,0.7
2024-02-27,2,10.6,14.4,6.7,88.0,17.5,7.1
2024-02-28,2,9.2,11.9,6.2,87.07,17.6,7.1
2024-02-29,2,12.5,14.5,9.8,42.78,17.6,7.1
2024-03-01,3,11.0,13.7,9.0,77.32,17.4,31.7
2024-03-02,3,9.3,12.5,7.1,74.17,17.0,38.8
2024-03-03,3,9.6,13.0,6.7,91.0,16.9,37.4
2024-03-05,3,9.4,12.8,5.2,86.98,16.9,32.5
2024-03-06,3,10.2,13.6,5.8,78.54,17.0,39.9
2024-03-07,3,10.3,13.9,6.5,79.37,16.9,49.2
2024-03-08,3,9.1,11.6,6.8,81.31,16.8,27.1
2024-03-09,3,10.0,13.4,7.0,82.48,16.8,20.1
2024-03-10,3,9.4,14.5,4.5,85.63,16.9,20.0
2024-03-12,3,9.3,15.0,5.5,88.98,17.1,38.2
2024-03-13,3,9.6,14.9,5.3,74.98,17.2,30.8
2024-03-14,3,11.5,17.1,6.6,61.14,17.2,20.8
2024-03-15,3,13.4,19.1,7.9,62.85,17.2,18.8
2024-03-16,3,11.8,18.0,5.9,79.59,17.2,18.7
2024-03-17,3,11.3,17.2,6.6,84.35,17.4,19.4
2024-03-19,3,13.6,18.5,8.7,76.91,17.2,5.4
2024-03-20,3,18.3,23.3,12.5,84.57,17.0,5.4
2024-03-22,3,16.5,22.7,6.0,94.38,16.6,4.9
2024-03-23,3,16.3,23.9,7.8,91.01,16.7,7.8
2024-03-24,3,14.1,21.4,6.3,88.41,17.0,8.6
2024-03-26,3,15.0,21.1,9.2,86.88,17.5,7.2
2024-03-27,3,14.3,20.1,8.7,79.83,17.8,7.2
2024-03-28,3,15.3,19.5,10.2,61.19,18.0,7.8
2024-03-29,3,19.1,24.2,12.8,46.41,18.2,8.2
2024-03-30,3,17.1,23.0,10.2,66.48,18.4,8.9
2024-03-31,3,16.8,23.8,8.4,74.95,18.8,8.0
2024-04-02,4,21.0,28.1,14.4,63.36,19.5,24.7
2024-04-03,4,20.4,31.9,9.1,77.94,19.7,24.7
2024-04-06,4,19.0,26.7,10.4,90.96,20.2,31.9
2024-04-07,4,14.3,22.6,8.2,106.47,20.5,37.8
2024-04-09,4,16.2,24.4,11.2,81.59,20.9,43.2
2024-04-10,4,15.4,20.8,10.0,77.15,21.1,43.2
2024-04-11,4,14.7,20.0,10.4,70.23,21.4,41.2
2024-04-12,4,13.9,19.7,9.1,76.66,21.6,43.8
2024-04-13,4,14.6,22.2,8.0,76.31,21.8,39.0
2024-04-14,4,15.1,21.5,8.8,74.07,22.1,32.5
2024-04-16,4,18.0,25.0,13.7,71.9,22.5,9.4
2024-04-17,4,17.9,25.3,10.8,69.68,22.8,9.4
2024-04-18,4,15.8,20.8,11.1,48.03,23.1,12.3
2024-04-19,4,18.8,23.1,14.1,72.26,23.4,8.8
2024-04-20,4,16.8,22.5,10.4,84.48,23.7,5.5
2024-04-21,4,16.7,22.0,12.2,81.05,23.9,5.9
2024-04-23,4,16.4,21.4,11.6,87.8,24.0,15.3
2024-04-24,4,15.8,22.3,11.0,78.1,23.9,42.9
2024-04-25,4,17.5,24.6,12.3,58.46,24.0,53.0
2024-04-26,4,20.9,26.7,15.6,61.44,24.1,65.1
2024-04-27,4,19.1,26.5,9.5,78.37,24.2,65.4
2024-04-28,4,20.1,24.3,16.8,78.94,24.2,69.3
2024-04-30,4,23.1,27.8,19.4,73.3,24.4,60.8
2024-05-01,5,23.8,27.8,18.3,69.47,24.4,46.9
2024-05-02,5,24.4,28.0,21.2,73.02,24.3,39.8
2024-05-03,5,23.8,27.2,20.3,76.6,24.2,27.7
2024-05-04,5,23.3,29.0,17.8,84.89,24.2,35.1
2024-05-05,5,25.0,28.4,21.4,72.63,24.3,32.0
2024-05-07,5,23.4,29.3,19.0,94.47,24.5,31.7
2024-05-08,5,22.6,26.4,18.7,82.06,24.6,18.5
2024-05-09,5,23.2,26.2,21.0,66.08,24.7,12.6
2024-05-10,5,26.7,29.6,23.2,52.43,24.8,12.6
2024-05-11,5,29.9,35.4,24.7,64.9,24.8,4.1
2024-05-12,5,27.7,32.3,23.8,77.86,24.8,35.1
2024-05-14,5,27.4,30.1,24.7,81.0,24.6,36.2
2024-05-15,5,30.3,32.8,26.7,71.71,24.4,35.7
2024-05-16,5,28.7,31.3,26.1,44.34,24.2,35.7
2024-05-17,5,27.0,30.0,24.0,73.01,24.1,36.6
2024-05-18,5,25.2,28.3,22.0,81.08,24.2,40.3
2024-05-19,5,22.7,27.1,17.7,72.06,24.2,13.4
2024-05-21,5,23.5,28.1,19.8,72.86,24.2,26.5
2024-05-22,5,31.8,36.2,27.3,43.56,24.2,32.9
2024-05-23,5,30.1,33.4,25.4,51.34,24.2,34.4
2024-05-24,5,23.5,28.8,18.2,73.14,24.3,36.2
2024-05-25,5,18.4,25.7,13.0,75.2,24.4,35.6
2024-05-26,5,21.6,26.5,16.1,56.71,24.5,39.4
2024-05-28,5,26.2,32.1,18.9,59.14,24.5,81.4
2024-05-29,5,26.1,31.7,21.6,72.32,24.4,75.0
2024-05-31,5,21.3,28.2,15.0,88.51,24.6,100.0
2024-06-01,6,17.6,27.0,9.2,84.71,24.8,104.7
2024-06-02,6,17.9,25.2,9.7,81.84,24.8,159.3
2024-06-04,6,22.9,27.4,17.8,60.93,24.7,102.0
2024-06-05,6,21.6,25.9,16.6,71.47,24.6,122.5
2024-06-06,6,20.5,25.4,15.9,72.71,24.6,109.3
2024-06-07,6,17.9,26.1,10.8,75.06,24.6,97.3
2024-06-08,6,19.6,28.6,10.7,65.55,24.8,89.9
2024-06-09,6,27.6,34.1,19.9,54.56,24.8,65.8
2024-06-10,6,27.6,36.6,15.8,57.28,24.9,67.5
2024-06-13,6,27.8,33.2,21.0,40.7,25.5,46.9
2024-06-14,6,26.3,33.1,15.9,58.32,25.7,47.7
2024-06-15,6,30.3,35.2,21.7,50.91,26.0,47.3
2024-06-16,6,34.1,40.6,24.1,41.75,26.1,8.4
2024-06-18,6,31.2,37.6,24.0,53.23,26.3,8.3
2024-06-19,6,28.6,36.1,21.3,44.64,26.3,24.1
2024-06-20,6,24.5,34.6,13.6,45.77,26.4,24.6
2024-06-21,6,31.4,36.8,23.6,29.31,26.6,24.3
2024-06-22,6,29.5,37.4,21.8,41.01,26.7,26.0
2024-06-23,6,36.0,48.3,25.3,29.37,26.9,28.2
2024-06-25,6,41.1,47.4,29.2,31.8,27.1,28.6
2024-06-26,6,41.0,46.8,34.5,28.09,27.1,13.8
2024-06-27,6,44.8,52.6,35.7,10.12,27.3,12.2
2024-06-28,6,45.2,56.7,35.3,21.17,27.5,16.0
2024-06-29,6,38.8,48.1,32.3,33.86,27.6,19.5
2024-06-30,6,32.1,47.1,17.6,33.36,27.7,20.4
2024-07-02,7,40.8,47.1,34.7,22.86,28.0,20.0
2024-07-03,7,43.2,47.9,36.0,18.42,28.2,19.4
2024-07-04,7,40.7,46.1,36.1,20.81,28.4,20.1
2024-07-05,7,45.6,51.8,37.9,17.26,28.6,14.7
2024-07-06,7,43.3,51.9,36.7,21.81,28.8,15.1
2024-07-07,7,37.8,49.4,27.3,30.24,28.9,13.2
2024-07-09,7,38.0,47.6,27.2,33.7,29.1,13.3
2024-07-10,7,35.3,44.9,22.8,35.63,29.1,21.2
2024-07-12,7,35.0,43.1,26.4,29.8,29.2,25.4
2024-07-13,7,30.6,37.3,22.3,40.78,29.2,20.2
2024-07-14,7,34.4,40.1,26.2,28.42,29.3,18.8
2024-07-16,7,34.1,43.3,25.8,31.65,29.4,17.0
2024-07-17,7,32.5,42.9,21.8,24.39,29.6,8.6
2024-07-18,7,33.3,39.9,26.0,23.89,29.7,5.5
2024-07-19,7,31.7,39.4,22.9,25.02,29.8,6.5
2024-07-20,7,31.4,43.2,20.7,26.69,29.8,8.4
2024-07-21,7,31.0,45.3,13.8,32.89,29.9,8.2
2024-07-23,7,40.8,49.8,32.2,37.54,29.9,10.3
2024-07-24,7,38.3,47.2,30.8,34.04,29.8,85.4
2024-07-26,7,44.2,52.0,39.6,15.04,29.7,181.5
2024-07-27,7,51.9,68.0,35.8,9.4,29.6,185.1
2024-07-28,7,35.4,48.1,24.2,28.05,29.6,184.8
2024-07-30,7,35.4,46.8,25.2,27.04,29.5,183.0
2024-07-31,7,30.4,42.6,15.7,24.0,29.5,111.8
2024-08-01,8,30.7,40.7,19.8,20.46,29.5,29.1
2024-08-02,8,32.6,45.7,20.2,23.23,29.5,13.3
2024-08-03,8,35.2,46.4,22.6,24.04,29.5,7.4
2024-08-04,8,36.0,49.2,26.1,25.94,29.5,7.5
2024-08-06,8,38.9,48.9,27.9,20.88,29.4,14.7
2024-08-07,8,39.2,49.4,27.5,17.32,29.4,17.1
2024-08-08,8,39.8,48.8,30.5,7.93,29.4,34.3
2024-08-09,8,48.0,54.6,42.3,11.97,29.4,47.3
2024-08-10,8,45.2,56.9,35.8,19.6,29.4,56.0
2024-08-11,8,35.6,51.2,23.8,26.2,29.3,56.3
2024-08-13,8,44.7,63.5,28.7,19.32,29.2,58.0
2024-08-14,8,37.0,51.7,27.5,24.75,29.1,63.1
2024-08-15,8,37.3,54.9,29.4,19.02,29.0,80.3
2024-08-16,8,43.3,58.8,31.4,12.95,28.9,73.6
2024-08-17,8,37.3,57.9,27.6,25.84,28.8,83.9
2024-08-18,8,65.2,83.6,46.0,6.9,28.7,92.8
2024-08-21,8,49.3,70.4,35.5,17.0,28.4,88.0
2024-08-22,8,51.9,72.0,38.6,8.74,28.4,52.9
2024-08-23,8,41.6,62.2,28.2,18.22,28.4,49.5
2024-08-24,8,57.4,90.4,33.7,6.42,28.5,34.2
2024-08-25,8,63.5,94.0,43.2,5.19,28.5,26.4
2024-08-27,8,51.5,80.9,38.8,10.27,28.5,10.7
2024-08-28,8,41.8,60.2,30.6,16.43,28.6,10.2
2024-08-29,8,35.3,52.4,24.3,6.37,28.6,14.1
2024-08-30,8,49.0,83.4,37.1,9.95,28.6,13.7
2024-08-31,8,57.5,91.1,39.7,9.6,28.6,10.2
2024-09-01,9,55.6,82.6,43.0,12.51,28.6,8.7
2024-09-03,9,58.8,86.8,47.2,13.02,28.6,7.7
2024-09-04,9,45.7,68.3,34.4,17.89,28.6,6.7
2024-09-05,9,32.9,48.6,20.2,11.67,28.6,2.7
2024-09-06,9,51.8,87.9,38.1,8.69,28.7,2.1
2024-09-07,9,44.5,74.8,25.5,12.58,28.7,15.5
2024-09-08,9,52.1,74.1,33.4,11.07,28.7,32.9
2024-09-10,9,43.3,60.4,30.7,19.44,28.6,35.4
2024-09-11,9,45.2,62.2,32.7,15.28,28.6,36.9
2024-09-12,9,43.7,50.7,36.0,12.71,28.6,37.0
2024-09-13,9,37.5,57.2,25.4,30.55,28.7,35.6
2024-09-14,9,34.7,55.9,19.9,25.8,28.7,24.8
2024-09-15,9,38.1,58.4,25.2,20.64,28.7,7.5
2024-09-16,9,32.6,44.8,22.9,17.91,28.7,7.4
2024-09-17,9,37.0,55.7,26.6,18.56,28.8,5.7
2024-09-20,9,43.1,56.2,38.0,12.12,28.9,14.4
2024-09-21,9,47.2,71.2,35.2,16.52,28.8,73.3
2024-09-22,9,67.3,90.3,54.7,8.54,28.7,126.0
2024-09-24,9,49.4,72.2,31.7,18.72,28.6,161.0
2024-09-25,9,50.3,75.8,28.2,14.26,28.6,181.3
2024-09-26,9,54.9,80.3,34.0,6.8,28.5,206.9
2024-09-27,9,60.0,78.3,40.6,5.16,28.4,216.6
2024-09-28,9,56.1,73.7,37.1,10.57,28.3,158.6
2024-09-29,9,62.9,84.0,53.4,16.35,28.2,107.5
2024-10-01,10,59.7,77.7,46.5,24.61,28.0,80.0
2024-10-02,10,71.4,103.0,51.0,6.68,27.9,82.0
2024-10-03,10,50.0,62.1,41.6,13.18,27.7,145.7
2024-10-04,10,61.2,95.9,48.6,4.19,27.5,172.4
2024-10-05,10,56.8,82.2,46.0,11.72,27.4,169.1
2024-10-06,10,45.4,66.8,32.1,22.68,27.3,167.4
2024-10-08,10,46.2,74.3,30.7,14.8,27.1,166.8
2024-10-09,10,36.8,56.1,28.0,17.7,27.0,142.6
2024-10-10,10,41.4,61.5,29.8,18.84,26.8,47.8
2024-10-11,10,46.6,67.2,34.3,8.95,26.6,8.3
2024-10-12,10,44.5,65.0,32.6,13.2,26.5,8.6
2024-10-13,10,49.1,67.8,36.8,10.73,26.4,8.6
2024-10-15,10,40.9,57.0,30.3,20.88,26.3,1.0
2024-10-16,10,42.9,58.6,35.1,17.28,26.2,2.0
2024-10-17,10,37.2,48.4,23.0,21.05,26.1,2.7
2024-10-18,10,34.0,46.7,16.4,23.94,26.1,2.7
2024-10-19,10,39.7,49.2,31.0,18.16,26.0,5.7
2024-10-20,10,36.2,49.2,23.2,20.26,25.9,9.1
2024-10-22,10,38.4,53.5,26.2,16.16,25.8,10.2
2024-10-23,10,43.6,60.2,32.1,11.0,25.6,16.3
2024-10-25,10,44.5,63.3,32.4,11.23,25.5,61.0
2024-10-26,10,42.2,79.8,27.2,12.42,25.5,58.2
2024-10-27,10,48.2,60.6,37.2,7.83,25.5,55.3
2024-10-29,10,34.3,54.0,16.1,31.86,25.3,59.9
2024-10-30,10,39.5,56.8,27.7,27.73,25.2,71.1
2024-10-31,10,27.4,41.4,15.0,32.82,25.1,169.3
2024-11-01,11,25.8,33.3,15.5,10.22,25.1,185.6
2024-11-02,11,28.2,69.1,12.8,13.6,25.0,184.7
2024-11-03,11,35.3,64.5,22.5,17.04,25.0,184.2
2024-11-05,11,27.2,47.2,14.5,32.15,24.7,181.7
2024-11-06,11,20.2,36.7,9.3,45.21,24.5,163.5
2024-11-07,11,22.6,46.2,12.9,32.34,24.4,34.3
2024-11-08,11,26.5,43.9,15.1,26.93,24.4,4.8
2024-11-09,11,28.8,47.1,19.9,27.25,24.4,6.9
2024-11-10,11,26.1,44.9,15.8,39.72,24.4,7.2
2024-11-12,11,28.0,43.3,18.0,46.37,24.3,15.3
2024-11-13,11,22.5,41.0,10.8,54.54,24.3,16.4
2024-11-14,11,31.0,49.9,21.7,26.07,24.3,16.4
2024-11-15,11,22.8,37.5,15.0,48.6,24.3,15.4
2024-11-16,11,25.8,45.3,17.2,42.42,24.2,16.2
2024-11-17,11,25.4,55.0,12.7,29.53,24.1,26.8
2024-11-19,11,29.9,47.1,20.6,56.0,23.7,34.5
2024-11-20,11,37.0,50.9,25.7,45.01,23.5,43.6
2024-11-22,11,44.8,67.2,29.8,21.0,23.3,48.0
2024-11-23,11,40.9,62.9,21.4,43.11,23.2,45.1
2024-11-24,11,50.3,71.4,29.5,26.75,23.1,34.2
2024-11-26,11,51.5,75.3,34.8,31.04,22.6,19.1
2024-11-27,11,50.3,62.6,37.8,32.65,22.4,8.5
2024-11-28,11,50.7,57.0,43.2,30.02,22.2,4.3
2024-11-29,11,52.2,63.6,41.8,34.26,21.9,3.9
2024-11-30,11,48.1,64.5,34.3,34.94,21.6,3.9
2024-12-01,12,50.4,67.8,34.7,28.58,21.4,3.9
2024-12-03,12,56.3,64.8,42.6,30.05,21.3,0.2
2024-12-04,12,63.6,75.5,49.2,16.92,21.2,0.6
2024-12-05,12,53.8,67.7,39.2,22.63,21.1,0.6
2024-12-06,12,47.1,59.5,38.0,33.14,21.1,0.6
2024-12-07,12,46.9,58.7,38.8,33.2,21.0,2.2
2024-12-08,12,45.1,56.8,35.5,34.59,20.8,3.2
2024-12-10,12,39.8,47.8,32.1,64.32,20.4,3.5
2024-12-11,12,43.6,49.4,37.1,43.02,20.3,3.8
2024-12-12,12,43.2,51.7,38.0,16.78,20.1,4.6
2024-12-13,12,44.2,50.4,34.5,37.68,19.8,6.2
2024-12-14,12,37.9,46.0,30.6,63.08,19.4,4.6
2024-12-15,12,41.8,48.0,35.2,49.68,19.0,3.6
2024-12-17,12,42.1,45.7,36.9,54.05,18.4,3.1
2024-12-18,12,38.9,46.5,32.7,53.13,18.3,2.7
2024-12-19,12,37.2,42.4,32.4,45.71,18.1,8.0
2024-12-20,12,32.6,37.8,28.2,55.39,17.9,7.0
2024-12-21,12,27.9,35.4,21.7,67.4,17.7,9.9
2024-12-22,12,25.6,32.3,19.6,71.56,17.5,10.3
2024-12-24,12,26.4,32.3,22.4,70.35,17.2,23.2
2024-12-25,12,29.3,32.5,26.0,48.49,17.1,22.9
2024-12-27,12,25.4,28.9,21.4,78.27,17.1,18.0
2024-12-28,12,23.4,25.3,21.6,79.27,17.0,15.3
2024-12-29,12,22.5,25.6,16.6,96.18,17.0,14.9
2024-12-31,12,18.9,22.6,14.4,102.28,16.8,2.0
2025-01-01,1,15.3,18.6,12.4,99.39,16.7,5.0
2025-01-02,1,12.5,16.8,9.7,78.05,16.5,7.2
2025-01-03,1,12.5,15.6,10.4,69.12,16.4,6.2
2025-01-04,1,16.2,18.9,14.5,62.2,16.3,6.0
2025-01-05,1,17.1,21.5,13.3,63.01,16.2,7.1
2025-01-07,1,19.0,22.0,16.6,79.04,16.0,7.1
2025-01-08,1,15.8,18.6,13.3,78.55,16.0,4.2
2025-01-09,1,13.1,15.9,10.6,82.51,15.8,2.0
2025-01-10,1,15.8,19.7,14.0,60.96,15.6,1.9
2025-01-11,1,15.3,18.1,13.6,86.08,15.4,2.7
2025-01-12,1,18.0,21.4,15.2,75.47,15.2,1.6
2025-01-14,1,18.0,20.1,16.0,91.88,15.3,1.6
2025-01-15,1,19.7,22.3,17.1,84.82,15.3,5.1
2025-01-17,1,17.8,20.6,14.8,96.5,15.1,4.5
2025-01-18,1,14.5,17.5,11.7,101.29,15.2,4.3
2025-01-19,1,14.1,18.0,11.5,85.58,15.2,8.0
2025-01-21,1,14.3,16.8,12.1,82.23,15.2,8.0
2025-01-22,1,13.6,15.9,11.4,86.19,15.4,4.4
2025-01-23,1,13.9,16.4,10.8,60.35,15.4,4.8
2025-01-24,1,12.1,14.9,9.4,83.85,15.3,4.9
2025-01-25,1,14.0,18.1,12.2,84.52,15.3,4.3
2025-01-26,1,14.8,17.7,11.0,81.02,15.3,5.3
2025-01-27,1,13.6,16.7,8.3,101.71,15.2,13.3
2025-01-28,1,5.3,8.9,3.0,59.7,15.1,13.3
2025-02-03,2,10.1,13.4,6.2,88.78,15.0,20.0
2025-02-04,2,9.4,11.8,7.0,73.97,14.8,23.7
2025-02-05,2,11.8,13.2,9.8,77.96,14.8,23.7
2025-02-07,2,11.1,12.6,10.0,70.2,14.7,42.8
2025-02-08,2,10.8,14.0,8.3,82.61,14.5,40.5
2025-02-09,2,12.2,15.4,9.9,87.37,14.5,38.6
2025-02-11,2,11.8,13.5,11.0,109.05,14.8,23.4
2025-02-12,2,12.5,14.2,10.4,86.8,15.0,38.1
2025-02-15,2,12.5,15.2,10.9,81.66,15.2,39.3
2025-02-16,2,11.9,13.9,8.7,99.8,15.4,39.6
2025-02-18,2,10.3,13.3,8.5,92.13,15.4,40.0
2025-02-19,2,9.1,11.5,7.3,88.74,15.5,25.7
2025-02-20,2,7.1,11.2,5.2,96.67,15.5,3.2
2025-02-21,2,6.1,8.9,4.4,92.82,15.4,6.4
2025-02-22,2,6.2,9.8,4.7,90.52,15.4,8.3
2025-02-23,2,7.2,9.0,5.7,62.17,15.3,24.2
2025-02-25,2,8.5,10.3,7.5,76.7,15.1,25.1
2025-02-26,2,7.8,9.1,7.4,83.88,15.4,26.5
2025-02-27,2,7.2,8.9,6.4,88.16,15.5,24.6
2025-02-28,2,6.6,9.6,5.0,97.31,15.8,21.4
2025-03-01,3,6.4,9.7,5.0,84.38,15.9,19.5
2025-03-02,3,6.7,8.8,5.2,81.96,16.1,3.3
2025-03-04,3,7.6,8.4,6.9,85.46,16.4,16.2
2025-03-05,3,7.1,8.4,5.7,89.15,16.5,35.1
2025-03-07,3,8.1,9.7,6.7,70.36,16.7,50.3
2025-03-08,3,6.8,8.2,5.5,84.11,16.7,51.3
2025-03-09,3,7.4,8.9,6.4,87.1,16.9,51.3
2025-03-11,3,7.0,8.9,4.9,95.68,17.5,37.5
2025-03-12,3,5.6,7.4,4.2,92.1,17.8,16.8
2025-03-13,3,5.3,7.4,4.0,80.6,17.8,3.6
2025-03-14,3,5.0,7.2,4.0,70.37,17.9,46.3
2025-03-15,3,5.4,8.6,4.0,75.12,18.0,97.8
2025-03-16,3,5.0,7.4,4.0,65.1,17.9,103.7
2025-03-18,3,6.7,9.2,5.3,63.09,17.6,103.5
2025-03-19,3,7.4,9.8,6.2,69.4,17.5,103.6
2025-03-20,3,7.6,8.6,6.5,43.03,17.4,101.9
2025-03-21,3,7.0,8.4,5.8,82.99,17.4,58.7
2025-03-22,3,7.1,9.1,5.7,75.27,17.4,6.2
2025-03-23,3,6.0,8.1,4.2,89.98,17.5,0.3
2025-03-25,3,6.0,8.2,4.0,91.14,17.8,0.1
2025-03-26,3,5.6,7.7,4.0,86.06,18.2,0.0
2025-03-27,3,6.7,8.4,5.6,53.01,18.4,0.0
2025-03-28,3,7.7,9.2,5.2,45.21,18.5,2.8
2025-03-29,3,7.0,11.2,4.5,67.47,18.5,4.3
2025-03-30,3,6.9,10.4,4.0,83.5,18.3,32.0
2025-04-01,4,6.2,9.5,4.0,95.89,17.9,73.8
2025-04-02,4,5.6,8.1,4.0,106.93,17.6,73.8
2025-04-03,4,5.6,8.6,4.0,112.79,17.5,73.8
2025-04-06,4,6.6,9.2,4.2,98.92,17.8,53.7
2025-04-08,4,6.8,10.0,3.8,101.42,18.2,11.9
2025-04-09,4,7.2,9.4,4.3,93.58,18.2,13.4
2025-04-11,4,6.3,9.4,3.3,96.17,18.3,78.5
2025-04-12,4,5.9,10.2,3.5,94.59,18.4,109.7
2025-04-13,4,5.4,9.0,3.0,85.6,18.2,114.5
2025-04-15,4,11.5,14.7,7.3,48.21,18.5,114.5
2025-04-16,4,8.7,12.3,4.1,66.58,18.8,113.0
2025-04-17,4,7.5,10.8,3.9,59.49,19.1,52.7
2025-04-18,4,5.7,8.9,3.8,78.58,19.5,55.9
2025-04-19,4,6.0,9.1,3.9,64.54,19.8,20.2
2025-04-20,4,8.6,11.4,6.2,44.87,20.1,19.9
2025-04-22,4,9.2,12.2,5.2,46.63,20.6,20.4
2025-04-23,4,12.0,15.3,8.5,35.07,20.8,28.7
2025-04-24,4,9.9,12.9,7.2,27.84,20.9,33.6
2025-04-25,4,8.1,11.2,5.0,63.2,20.8,42.4
2025-04-26,4,7.2,11.0,4.0,64.88,20.7,45.3
2025-04-27,4,8.4,12.3,5.2,55.42,20.9,46.1
2025-04-29,4,9.8,13.3,6.0,57.06,21.3,50.5
2025-04-30,4,8.5,11.2,5.3,60.81,21.6,42.4
2025-05-01,5,7.7,11.0,4.6,58.02,21.8,37.5
2025-05-02,5,7.6,11.2,4.2,60.81,22.1,20.7
2025-05-03,5,7.4,11.0,4.4,60.39,22.4,12.1
2025-05-04,5,7.6,11.9,4.8,59.98,22.5,10.4
2025-05-06,5,9.6,14.8,6.0,57.14,23.0,28.7
2025-05-07,5,9.2,16.5,5.1,69.03,23.0,107.6
2025-05-09,5,8.7,14.4,4.9,72.82,23.2,114.7
2025-05-10,5,7.6,12.9,4.3,73.48,23.3,129.3
2025-05-11,5,7.0,13.2,3.2,57.24,23.2,169.7
2025-05-13,5,6.7,12.0,3.0,61.57,23.5,146.5
2025-05-14,5,6.4,12.3,3.0,58.28,23.6,67.4
2025-05-15,5,7.9,13.5,3.6,40.02,23.9,67.5
2025-05-16,5,8.1,13.2,3.1,38.94,24.0,61.2
2025-05-17,5,7.4,11.7,3.5,51.12,24.2,51.1
2025-05-18,5,8.1,13.5,4.2,48.78,24.3,8.9
2025-05-20,5,8.2,12.2,4.9,55.76,24.4,10.9
2025-05-21,5,8.6,13.0,5.1,69.44,24.5,14.7
2025-05-22,5,11.4,14.7,10.0,17.35,24.6,15.6
2025-05-23,5,11.2,14.7,7.5,46.53,24.7,15.3
2025-05-24,5,10.8,14.8,7.6,51.29,24.7,45.6
2025-05-25,5,10.9,15.7,7.8,62.06,24.7,52.1
2025-05-27,5,13.3,16.2,10.2,41.59,24.8,59.1
2025-05-28,5,12.1,14.8,9.8,50.43,24.8,77.2
2025-05-29,5,11.3,15.0,8.6,45.71,24.9,135.0
2025-05-30,5,15.6,18.4,13.1,40.74,24.9,134.7
2025-05-31,5,18.3,23.8,15.1,42.32,24.9,99.4
2025-06-03,6,18.7,22.1,15.8,27.86,25.2,119.5
2025-06-04,6,16.1,20.2,12.6,51.69,25.1,114.0
2025-06-05,6,13.4,19.4,9.6,45.85,25.1,55.5
2025-06-06,6,11.8,18.5,6.8,56.54,25.3,70.3
2025-06-07,6,15.6,20.2,11.6,41.52,25.4,71.3
2025-06-08,6,15.4,20.8,10.5,53.91,25.5,72.4
2025-06-10,6,17.8,21.2,13.9,53.92,25.9,38.7
2025-06-11,6,15.5,20.8,10.9,55.14,26.1,22.3
2025-06-12,6,15.4,20.4,11.4,53.4,26.2,38.3
2025-06-13,6,14.1,20.2,9.6,65.84,26.2,48.6
2025-06-14,6,13.9,20.0,7.0,58.02,26.2,48.9
2025-06-15,6,23.5,27.0,19.4,33.84,26.3,47.6
2025-06-17,6,20.9,25.9,15.4,64.48,26.4,51.8
2025-06-18,6,25.8,33.9,19.4,45.52,26.5,52.1
2025-06-20,6,22.7,29.7,11.4,43.39,26.6,13.2
2025-06-21,6,17.8,26.9,7.6,52.5,26.6,14.1
2025-06-22,6,14.9,28.0,4.4,48.58,26.6,14.8
2025-06-24,6,20.4,28.1,11.9,35.67,27.1,7.1
2025-06-25,6,21.0,28.4,13.7,39.32,27.3,10.8
2025-06-26,6,16.2,25.4,10.4,48.01,27.5,11.3
2025-06-27,6,17.2,27.7,8.3,36.45,27.6,11.4
2025-06-28,6,17.6,27.4,7.6,36.73,27.9,10.1
2025-06-29,6,20.3,32.3,10.2,39.18,28.1,11.5
2025-07-01,7,18.8,30.2,6.6,48.86,28.4,10.3
2025-07-02,7,17.9,27.7,10.8,42.82,28.4,6.3
2025-07-03,7,17.6,25.7,10.4,34.39,28.6,5.6
2025-07-04,7,16.2,26.0,9.7,52.81,28.9,4.1
2025-07-05,7,20.2,29.4,11.3,40.54,29.0,5.5
2025-07-06,7,31.5,38.0,26.8,33.75,29.1,11.9
2025-07-08,7,23.7,34.5,17.0,42.39,29.1,49.3
2025-07-09,7,25.1,32.6,19.9,31.32,29.1,55.5
2025-07-10,7,25.7,30.9,19.4,31.98,28.9,70.9
2025-07-11,7,23.0,31.0,13.8,37.15,28.8,75.3
2025-07-12,7,22.8,31.3,13.9,40.19,28.8,76.1
2025-07-13,7,23.2,33.4,14.1,40.5,28.9,67.8
2025-07-15,7,27.7,34.6,20.2,30.11,28.9,33.9
2025-07-16,7,29.8,35.4,22.2,27.52,28.9,39.5
2025-07-18,7,27.2,34.5,19.8,45.71,29.0,26.6
2025-07-19,7,27.4,35.1,19.1,36.77,28.9,45.5
2025-07-20,7,26.3,35.9,18.2,37.88,28.9,47.9
2025-07-22,7,34.6,41.9,24.6,22.09,28.7,69.9
2025-07-23,7,30.0,36.6,19.2,23.48,28.7,58.5
2025-07-24,7,30.5,38.2,22.5,16.24,28.6,68.9
2025-07-25,7,33.7,39.6,26.5,15.9,28.5,83.8
2025-07-26,7,29.1,39.8,19.7,17.56,28.5,62.7
2025-07-27,7,36.3,42.4,27.9,11.48,28.5,68.2
2025-07-29,7,39.7,45.8,32.2,9.37,28.4,71.1
2025-07-30,7,41.5,53.7,28.6,8.16,28.3,74.5
2025-07-31,7,38.1,46.5,31.3,5.67,28.3,79.3
2025-08-01,8,41.1,48.0,27.4,9.82,28.2,63.3
2025-08-02,8,34.4,59.0,10.0,11.55,28.1,82.4
2025-08-03,8,48.2,59.0,32.0,6.92,28.0,76.3
2025-08-05,8,45.4,56.1,32.1,6.62,27.9,60.8
2025-08-06,8,44.7,57.0,29.3,5.67,28.0,59.5
2025-08-07,8,50.8,55.0,37.3,4.92,28.0,39.2
2025-08-08,8,46.2,55.0,37.7,8.06,28.0,37.4
2025-08-09,8,47.9,68.0,34.3,8.95,28.2,17.8
2025-08-10,8,52.0,66.9,39.7,10.95,28.3,21.2
2025-08-12,8,73.0,92.0,48.6,5.66,28.3,11.9
2025-08-13,8,60.0,76.8,44.1,8.93,28.3,14.7
2025-08-15,8,99.6,109.0,63.3,1.87,28.4,14.7
2025-08-16,8,52.3,87.6,32.6,12.07,28.4,14.3
2025-08-17,8,64.0,78.0,47.8,4.34,28.4,8.9
2025-08-19,8,84.0,106.0,60.7,2.8,28.6,7.1
2025-08-20,8,73.6,83.0,61.0,2.48,28.7,5.2
2025-08-21,8,74.1,80.0,56.4,1.99,28.8,6.5
2025-08-22,8,70.9,93.6,44.8,3.61,28.9,7.2
2025-08-23,8,57.4,94.3,33.7,7.65,29.0,7.2
2025-08-24,8,59.6,86.4,37.8,6.77,29.2,7.2
2025-08-26,8,67.8,92.3,42.3,4.51,29.2,5.4
2025-08-27,8,47.4,81.0,28.1,10.03,29.3,3.8
2025-08-28,8,39.1,70.4,22.9,4.88,29.4,2.5
2025-08-29,8,35.8,69.4,17.7,14.88,29.5,1.8
2025-08-30,8,34.0,63.7,12.7,10.79,29.5,3.6
2025-08-31,8,50.6,105.0,21.6,4.03,29.6,4.4
2025-09-02,9,66.0,105.0,31.4,3.24,29.6,8.4
2025-09-03,9,54.9,69.3,42.0,2.13,29.6,8.0
2025-09-04,9,48.3,70.0,35.6,2.77,29.6,10.2
2025-09-05,9,72.3,101.2,46.7,2.36,29.6,10.2
2025-09-06,9,68.3,94.0,34.8,3.89,29.7,8.4
2025-09-09,9,65.9,95.0,29.5,2.62,29.7,11.0
2025-09-10,9,64.8,100.0,22.0,2.88,29.7,15.6
2025-09-11,9,56.0,100.0,43.7,3.65,29.7,14.3
2025-09-12,9,73.5,98.0,30.0,2.51,29.8,16.1
2025-09-13,9,97.0,108.0,63.3,1.6,29.8,18.3
2025-09-14,9,55.6,86.5,43.0,5.6,29.8,20.5
2025-09-16,9,59.8,95.0,30.6,4.63,29.8,17.6
2025-09-17,9,43.2,66.6,27.1,9.01,29.8,11.6
2025-09-18,9,57.3,80.0,39.0,2.98,29.8,10.7
2025-09-19,9,49.6,81.9,28.1,6.39,29.8,9.0
2025-09-20,9,51.6,98.7,28.0,6.23,29.8,8.8
2025-09-21,9,44.6,87.5,21.5,8.03,29.8,4.5
2025-09-23,9,48.8,85.6,26.4,8.5,29.5,28.6
2025-09-24,9,56.4,85.0,42.7,3.09,29.4,32.1
2025-09-26,9,30.5,63.4,13.0,7.1,29.4,34.5
2025-09-27,9,40.2,83.9,17.9,4.86,29.3,32.5
2025-09-28,9,47.3,115.0,20.0,4.41,29.3,30.1
2025-09-30,9,50.3,90.0,20.0,3.63,29.3,7.1
2025-10-01,10,58.4,75.0,32.4,2.38,29.3,3.6
2025-10-02,10,48.6,60.0,34.0,2.23,29.3,3.6
2025-10-03,10,54.2,93.0,26.6,2.78,29.4,1.1
2025-10-04,10,45.9,92.0,18.0,4.58,29.4,1.1
2025-10-05,10,53.4,86.0,23.0,3.64,29.5,1.8
2025-10-06,10,61.0,61.0,61.0,0.6,29.5,0.8
2025-10-09,10,55.3,73.6,44.5,5.34,29.4,1.0
2025-10-10,10,52.9,66.3,38.2,5.96,29.4,1.0
2025-10-11,10,48.2,63.9,34.8,8.59,29.4,1.4
2025-10-12,10,46.8,63.1,34.7,9.75,29.4,0.9
2025-10-14,10,45.5,63.6,33.7,8.36,29.4,2.3
2025-10-15,10,42.0,64.7,26.7,7.03,29.3,2.1
2025-10-16,10,39.0,44.3,29.9,3.47,29.3,2.1
2025-10-17,10,34.6,52.4,21.5,13.79,29.3,2.1
2025-10-18,10,38.1,70.1,18.9,10.79,29.2,1.9
2025-10-19,10,38.0,58.2,26.6,10.22,29.0,44.3
2025-10-21,10,27.8,50.1,15.9,12.86,28.6,263.1
2025-10-22,10,25.6,50.1,16.1,7.6,28.5,325.4
2025-10-23,10,34.5,56.2,22.7,6.94,28.4,345.2
2025-10-24,10,31.6,59.5,16.5,11.41,28.2,356.9
2025-10-25,10,32.2,50.4,23.5,11.57,28.0,361.0
2025-10-26,10,34.1,53.9,24.4,12.28,27.9,319.8
2025-10-28,10,27.1,41.7,18.8,24.22,27.3,112.8
2025-10-29,10,26.6,39.3,16.8,17.02,27.1,50.9
2025-10-31,10,21.2,36.2,12.9,28.29,26.7,23.3
2025-11-01,11,18.3,49.8,7.2,18.65,26.5,20.3
2025-11-02,11,18.7,45.5,8.8,18.45,26.2,26.9
2025-11-04,11,16.5,34.5,7.8,27.25,25.6,29.0
2025-11-05,11,15.7,38.6,6.5,20.9,25.4,29.8
2025-11-06,11,22.8,39.3,6.5,13.78,25.2,27.8
2025-11-07,11,35.6,40.0,30.0,5.52,25.1,25.9
2025-11-08,11,18.9,41.2,8.0,27.9,25.0,24.6
2025-11-09,11,32.9,51.4,22.0,18.2,24.9,17.6
2025-11-11,11,39.0,50.4,25.7,22.12,24.4,58.4
2025-11-12,11,24.0,39.1,13.3,28.34,24.3,66.5
2025-11-14,11,18.8,36.2,9.2,25.12,23.8,79.0
2025-11-15,11,23.3,50.5,7.7,14.16,23.6,79.0
2025-11-16,11,20.9,43.2,9.0,23.92,23.4,78.0
2025-11-18,11,23.1,40.8,9.7,27.0,22.9,36.3
2025-11-19,11,14.4,32.6,5.2,33.3,22.7,28.9
2025-11-20,11,16.7,30.9,6.7,39.52,22.5,17.0
2025-11-21,11,17.4,36.9,5.6,34.62,22.5,16.4
2025-11-22,11,15.8,29.4,8.3,68.39,22.4,16.4
2025-11-23,11,19.4,34.9,12.4,47.08,22.3,16.4
2025-11-25,11,20.0,31.9,13.2,60.07,22.2,4.5
2025-11-26,11,21.3,32.4,16.0,51.81,22.1,2.6
2025-11-27,11,14.6,20.4,10.5,69.1,22.0,2.6
2025-11-28,11,14.3,28.4,8.3,49.09,21.8,2.6
2025-11-29,11,12.9,26.0,6.8,68.36,21.7,2.6
2025-11-30,11,11.8,24.1,6.0,75.81,21.6,3.2
2025-12-02,12,9.5,20.4,5.0,96.08,21.6,11.3
2025-12-03,12,11.1,23.7,5.0,57.38,21.5,12.8
2025-12-04,12,9.0,15.1,6.0,53.49,21.4,12.8
2025-12-05,12,9.5,18.5,5.7,76.54,21.2,13.0
2025-12-06,12,11.8,21.7,8.9,52.91,21.0,13.2
2025-12-07,12,15.1,23.6,10.9,59.67,20.9,12.7
2025-12-09,12,15.3,23.5,12.0,64.43,20.5,9.6
2025-12-10,12,12.3,17.8,9.7,84.83,20.4,8.1
2025-12-12,12,9.6,15.0,7.2,85.51,20.1,8.5
2025-12-13,12,7.7,13.2,5.8,83.44,20.0,12.3
2025-12-14,12,8.8,15.0,6.0,61.31,19.7,12.4
2025-12-16,12,8.9,15.1,6.3,72.95,19.3,4.8
2025-12-17,12,8.6,14.6,6.3,69.92,19.2,5.0
2025-12-18,12,9.5,15.5,6.6,51.82,19.3,5.0
2025-12-19,12,9.8,16.3,7.5,47.5,19.4,5.5
2025-12-20,12,9.8,16.1,7.4,67.79,19.5,1.8
2025-12-21,12,9.0,13.7,7.1,62.94,19.4,3.7
2025-12-23,12,9.4,15.7,7.2,59.31,19.3,3.7
2025-12-24,12,9.1,15.3,6.4,61.11,19.2,3.7
2025-12-25,12,8.4,12.6,6.7,57.03,19.1,15.6
2025-12-26,12,7.2,11.7,5.0,79.71,18.9,16.9
2025-12-27,12,7.2,13.8,5.0,79.31,18.8,19.2
2025-12-28,12,9.5,16.3,6.8,53.39,18.8,17.3
2025-12-30,12,8.8,13.2,7.0,78.89,18.6,19.4
2025-12-31,12,8.4,13.1,7.0,71.46,18.4,27.2
2026-01-01,1,8.5,13.7,6.0,49.2,18.3,17.1
2026-01-02,1,7.4,11.2,5.7,76.09,18.0,16.8
2026-01-03,1,8.1,14.0,6.1,68.97,17.9,14.2
2026-01-04,1,8.2,14.6,6.0,77.73,17.8,14.0
2026-01-06,1,8.5,13.8,6.5,87.65,17.5,13.4
2026-01-07,1,9.5,15.5,6.9,74.06,17.3,5.4
2026-01-09,1,10.9,16.7,8.9,73.23,16.8,1.6
2026-01-10,1,11.7,15.7,9.6,81.59,16.6,1.6
2026-01-11,1,10.2,14.4,7.7,98.83,16.4,1.6
2026-01-13,1,9.3,14.8,6.9,92.95,16.3,0.9
2026-01-14,1,10.1,15.7,7.5,73.59,16.3,0.9
2026-01-15,1,9.8,15.0,7.9,65.19,16.3,0.8
2026-01-16,1,10.1,15.0,7.6,57.21,16.3,1.7
2026-01-17,1,8.2,13.7,6.0,92.14,16.2,1.9
2026-01-18,1,8.7,12.7,7.0,71.1,16.2,1.9
2026-01-20,1,9.3,13.0,7.8,79.01,15.9,6.8
2026-01-21,1,9.1,12.2,7.3,74.88,15.7,9.1
2026-01-23,1,9.4,14.1,6.5,71.73,15.3,15.8
2026-01-24,1,9.3,14.6,7.4,66.47,15.3,27.4
2026-01-25,1,9.2,14.5,7.3,70.9,15.4,27.4
2026-01-27,1,11.8,16.8,10.0,43.49,15.5,26.9
2026-01-28,1,10.8,14.4,8.1,51.04,15.4,25.7
2026-01-29,1,9.2,13.5,7.9,62.21,15.4,21.1
2026-01-30,1,8.5,14.0,6.3,68.36,15.4,19.6
2026-01-31,1,8.4,12.6,6.5,55.94,15.5,11.9
2026-02-01,2,7.5,12.5,5.1,63.36,15.6,18.2
2026-02-03,2,7.6,12.3,5.4,76.48,15.6,16.0
2026-02-04,2,8.2,14.2,6.0,58.71,15.8,14.9
2026-02-05,2,6.9,10.2,5.1,56.24,16.0,15.3
2026-02-06,2,7.2,12.0,5.2,57.82,16.2,14.6
2026-02-07,2,6.6,11.2,4.5,71.81,16.3,13.1
2026-02-08,2,6.1,10.9,4.0,83.07,16.2,8.5
2026-02-10,2,7.2,11.7,5.2,72.91,16.3,5.5
2026-02-11,2,8.1,13.4,5.0,57.21,16.3,6.7
2026-02-12,2,5.8,10.1,4.0,80.68,16.4,6.5
2026-02-13,2,6.1,12.0,4.0,85.6,16.5,5.7
2026-02-14,2,11.7,21.5,7.2,62.38,16.5,3.1
2026-02-15,2,7.7,18.7,3.4,112.64,16.6,1.4
2026-02-16,2,4.8,10.7,3.0,59.06,16.7,2.1
2026-02-22,2,7.7,11.5,5.4,54.0,17.2,6.8
2026-02-23,2,7.4,11.0,5.9,65.6,17.4,6.1
2026-02-24,2,7.4,10.2,5.7,81.88,17.5,7.0
2026-02-27,2,6.8,10.6,4.1,81.26,17.8,16.9
2026-02-28,2,6.2,10.2,4.3,73.54,17.9,23.2
2026-03-01,3,5.3,8.6,4.0,89.3,18.0,26.7
2026-03-02,3,5.3,8.6,4.0,72.21,18.1,54.2
2026-03-03,3,5.9,9.3,4.1,73.14,18.2,54.8
2026-03-06,3,5.3,8.9,3.5,75.64,18.3,56.6
2026-03-07,3,5.6,9.4,4.0,70.72,18.2,50.3
2026-03-08,3,5.3,8.1,4.0,81.36,18.1,47.1
2026-03-10,3,5.2,9.2,4.0,89.44,18.3,27.4
2026-03-11,3,6.2,10.2,4.3,46.84,18.3,21.5
2026-03-12,3,6.6,10.2,4.8,50.9,18.3,15.0
2026-03-13,3,6.7,10.7,4.7,53.9,18.2,12.3
2026-03-14,3,5.9,10.2,4.1,73.11,18.2,12.3
2026-03-15,3,6.3,10.9,4.5,60.71,18.2,12.0
2026-03-17,3,6.3,9.5,5.0,78.13,18.1,0.0
2026-03-18,3,6.2,9.3,4.8,70.66,18.2,0.0
2026-03-19,3,5.7,9.3,4.0,68.68,18.3,0.2
2026-03-20,3,7.1,10.6,5.4,57.14,18.5,0.2
2026-03-21,3,6.8,9.3,5.3,59.54,18.5,0.2
2026-03-22,3,7.0,9.8,5.9,51.86,18.7,0.2
2026-03-24,3,11.3,14.1,9.4,47.87,18.8,2.0
2026-03-25,3,8.6,12.5,6.2,67.44,18.8,2.0
2026-03-27,3,7.6,11.2,5.3,73.66,18.8,7.1
2026-03-28,3,5.8,10.0,3.5,75.17,18.8,7.2
2026-03-29,3,6.9,10.6,4.7,47.79,18.8,8.3
2026-03-31,3,7.8,11.3,5.0,48.07,19.0,7.7
2026-04-01,4,6.2,9.0,4.2,54.72,19.0,9.9
2026-04-02,4,5.9,10.0,3.9,59.65,19.1,10.6
2026-04-03,4,7.6,12.0,4.9,44.36,19.2,53.7
2026-04-04,4,10.3,12.8,7.6,49.33,19.3,74.9
2026-04-07,4,11.3,15.5,8.2,61.69,19.9,113.0
2026-04-08,4,11.3,16.4,7.9,56.28,20.2,116.3
2026-04-09,4,10.5,14.8,6.7,31.76,20.5,115.5
2026-04-10,4,8.6,14.4,3.8,77.9,20.9,67.4
2026-04-11,4,9.1,14.9,4.7,74.4,21.3,47.1
2026-04-12,4,8.2,13.8,4.8,73.72,21.6,41.4
2026-04-14,4,9.2,12.8,6.0,62.34,22.2,8.2
2026-04-15,4,7.8,12.5,5.2,73.56,22.4,15.1
2026-04-16,4,6.5,10.8,3.8,69.09,22.5,30.7
2026-04-17,4,6.5,11.0,4.0,64.1,22.7,44.8
2026-04-18,4,7.0,10.8,4.5,70.71,22.8,66.1
2026-04-19,4,9.1,12.4,7.0,59.5,23.0,66.1
2026-04-21,4,10.1,15.2,7.2,68.45,23.2,64.6
2026-04-22,4,15.2,20.6,12.7,61.32,23.3,52.9
2026-04-24,4,12.5,17.4,7.6,86.22,23.4,75.6
2026-04-25,4,13.2,20.7,8.4,68.19,23.4,59.0
2026-04-26,4,20.1,23.7,16.7,57.73,23.4,59.0
2026-04-28,4,17.1,22.4,13.0,79.89,23.6,59.0
2026-04-29,4,17.2,20.1,14.9,59.48,23.7,60.4
2026-04-30,4,15.0,19.5,12.4,70.31,23.5,42.4
2026-05-01,5,17.0,21.0,13.4,54.3,23.6,13.5
2026-05-02,5,22.5,24.8,17.8,40.14,23.7,7.8
2026-05-03,5,22.6,24.4,19.3,55.94,23.8,45.0
2026-05-05,5,23.4,25.1,21.5,67.4,23.7,84.6
2026-05-06,5,24.1,28.3,20.5,61.45,23.6,89.1
2026-05-08,5,22.9,26.3,20.4,75.95,23.8,87.1
2026-05-09,5,26.0,28.5,23.5,58.62,23.6,89.1
2026-05-10,5,27.2,28.8,24.7,69.84,23.6,59.6
2026-05-12,5,22.4,25.9,19.6,86.13,23.5,21.1
2026-05-13,5,20.1,24.3,15.7,63.95,23.4,55.6
2026-05-14,5,20.2,22.8,18.3,47.9,23.3,94.1
2026-05-15,5,21.2,24.0,18.2,49.99,23.2,97.7
2026-05-16,5,25.9,29.6,22.3,42.59,23.3,95.7
2026-05-17,5,23.1,28.3,18.5,72.56,23.3,88.0
2026-05-19,5,22.3,28.3,17.0,74.84,23.4,87.7
2026-05-20,5,19.7,25.7,14.8,81.37,23.5,46.6
2026-05-22,5,20.2,25.0,14.3,63.57,23.7,15.5
2026-05-23,5,18.9,25.0,11.2,60.78,23.8,15.5
2026-05-24,5,21.0,25.2,15.9,47.48,24.1,15.5
2026-05-26,5,18.0,25.6,11.4,61.91,24.7,14.7
2026-05-27,5,19.4,25.5,13.8,40.31,24.9,14.7
2026-05-28,5,17.6,25.0,11.2,42.95,25.2,11.8
2026-05-29,5,19.2,27.0,12.6,37.12,25.2,10.5
2026-05-30,5,22.7,27.4,16.9,41.35,25.4,10.5
2026-05-31,5,26.6,30.1,23.9,40.87,25.6,10.5
2026-06-02,6,22.4,28.7,17.4,58.61,25.7,12.3
2026-06-03,6,20.8,26.5,15.1,52.57,26.0,13.1
2026-06-04,6,19.4,24.7,15.3,42.36,26.3,27.9
2026-06-05,6,22.1,26.5,16.9,35.28,26.4,38.3
2026-06-06,6,17.9,25.3,11.3,57.18,26.5,39.9
2026-06-07,6,23.3,28.7,14.5,45.78,26.6,49.6
2026-06-09,6,26.6,32.2,20.5,41.64,26.9,116.4
2026-06-10,6,26.2,31.2,21.1,43.45,26.8,132.1
2026-06-12,6,18.8,26.3,14.1,60.25,26.8,126.6
2026-06-13,6,22.0,28.6,15.4,39.36,26.9,127.4
2026-06-14,6,24.4,30.3,17.0,39.63,26.9,129.5
2026-06-16,6,26.6,36.8,13.2,33.36,27.0,70.6
2026-06-17,6,25.8,31.5,20.8,40.91,27.1,62.1
2026-06-18,6,26.5,31.4,20.1,36.17,27.2,55.0
2026-06-19,6,29.9,36.5,23.1,38.64,27.3,37.5
2026-06-22,6,37.8,42.0,34.0,5.38,27.4,20.4
2026-06-23,6,31.1,37.3,26.0,32.48,27.4,13.6
2026-06-24,6,31.3,36.7,26.2,34.99,27.4,6.0
2026-06-25,6,29.8,35.1,25.2,33.54,27.3,42.6
2026-06-26,6,27.8,34.4,21.5,45.09,27.1,106.4
2026-06-27,6,34.3,39.9,30.0,34.24,27.0,129.9
2026-06-28,6,37.0,44.4,31.4,34.08,27.0,137.7
2026-06-30,6,33.2,41.2,27.3,35.94,27.3,140.6
2026-07-01,7,31.7,38.7,25.0,31.83,27.4,142.4
2026-07-02,7,30.6,37.5,25.7,33.25,27.4,101.6
2026-07-03,7,28.6,38.5,22.6,42.38,27.4,38.0
2026-07-04,7,30.6,38.4,24.0,38.56,27.5,16.7
2026-07-05,7,38.1,44.4,31.6,27.8,27.6,14.3
2026-07-07,7,38.5,46.9,30.9,52.58,27.7,15.5
2026-07-08,7,45.6,57.8,31.0,56.75,27.8,13.3
2026-07-10,7,43.4,55.4,32.1,50.04,28.1,30.7
2026-07-11,7,39.1,47.5,33.8,18.38,28.1,134.0
2026-07-12,7,55.2,64.5,41.7,13.05,28.3,129.8
2026-07-14,7,40.5,49.7,34.3,25.47,28.5,146.3
2026-07-15,7,36.6,46.9,29.3,18.98,28.6,150.3
2026-07-16,7,27.8,44.0,17.4,24.52,28.7,158.6
2026-07-17,7,35.6,50.8,19.5,14.64,28.8,140.7
2026-07-18,7,40.2,55.7,30.0,15.42,28.8,39.0
2026-07-19,7,40.5,52.6,30.9,16.29,28.8,48.2
2026-07-21,7,38.8,53.2,32.1,19.69,28.8,46.0
2026-07-22,7,40.2,51.3,30.5,19.16,28.8,47.4
2026-07-24,7,37.0,52.0,25.6,17.2,28.8,40.5
2026-07-25,7,39.4,54.3,27.1,16.65,28.9,36.7
2026-07-26,7,46.2,54.6,34.1,10.96,29.0,26.3
2026-07-28,7,44.0,54.4,29.6,10.48,29.1,12.1
2026-07-29,7,49.0,57.8,38.7,6.58,29.1,7.8
2026-07-30,7,49.2,55.0,40.0,3.59,29.1,5.7
2026-07-31,7,41.9,58.1,21.0,9.57,29.2,5.9
2026-08-01,8,46.2,65.8,23.4,10.44,29.2,7.5
2026-08-02,8,39.6,54.6,23.4,15.5,29.2,7.6
2026-08-04,8,42.4,56.0,33.4,14.99,29.3,3.4
2026-08-05,8,41.0,51.4,30.9,21.58,29.3,2.8
2026-08-07,8,33.6,52.2,20.0,23.98,29.3,19.9
2026-08-08,8,39.2,57.4,25.7,18.85,29.2,76.6
2026-08-09,8,35.6,51.4,21.2,16.46,29.1,156.8
2026-08-11,8,46.3,64.5,25.6,7.95,29.2,170.9
2026-08-12,8,39.1,56.8,21.6,9.88,29.2,175.6
2026-08-13,8,35.0,50.5,20.7,9.03,29.2,175.3
2026-08-14,8,38.4,62.3,18.7,7.27,29.2,168.4
2026-08-15,8,42.5,61.9,28.7,8.11,29.2,117.1
2026-08-16,8,41.7,60.0,23.6,7.45,29.2,42.6
2026-08-18,8,43.3,69.1,26.9,7.31,29.2,29.6
2026-08-19,8,47.6,71.2,29.2,5.62,29.2,37.9
2026-08-20,8,37.7,51.9,30.0,2.01,29.1,51.8
2026-08-21,8,48.4,76.8,23.7,6.36,29.1,60.4
2026-08-22,8,46.7,68.6,30.0,6.22,29.0,66.0
2026-08-23,8,46.4,76.0,23.2,5.83,29.0,61.6
2026-08-25,8,57.0,74.4,31.0,5.91,28.8,83.8
2026-08-26,8,50.4,66.5,36.7,6.95,28.7,75.5
2026-08-27,8,36.3,61.3,5.6,7.32,28.7,58.5
2026-08-30,8,47.9,70.8,30.0,5.85,28.7,44.2
2026-09-01,9,55.4,75.6,27.4,4.28,28.5,35.0
2026-09-02,9,72.6,85.0,41.8,2.94,28.4,29.9
2026-09-03,9,56.7,70.0,31.9,4.01,28.3,58.8
2026-09-04,9,44.9,56.0,31.7,5.49,28.1,78.8
2026-09-05,9,49.2,81.6,34.3,4.67,28.0,73.0
2026-09-06,9,48.1,61.5,25.6,5.39,27.9,98.4
2026-09-08,9,41.7,63.2,26.8,8.36,28.0,87.9
2026-09-09,9,44.3,70.2,29.9,9.78,27.9,90.5
2026-09-11,9,69.2,70.0,66.4,2.85,27.6,45.5
2026-09-12,9,71.9,74.0,63.7,2.79,27.6,40.4
2026-09-13,9,67.2,68.2,64.1,3.86,27.5,14.9
2026-09-15,9,63.4,78.1,50.0,5.13,27.4,17.2
2026-09-16,9,49.7,75.0,33.0,5.4,27.3,14.5
2026-09-17,9,48.7,53.8,43.3,2.24,27.1,13.6
2026-09-18,9,59.5,88.0,38.8,3.73,27.1,9.3
2026-09-19,9,81.0,86.3,66.6,2.9,27.1,6.7
2026-09-20,9,70.5,78.0,50.2,4.07,,
2026-09-22,9,57.2,70.0,40.1,5.07,,
2026-09-23,9,48.1,65.0,34.5,8.47,,
2026-09-24,9,45.0,60.0,32.3,9.74,,
2026-09-25,9,65.7,100.0,43.7,5.9,,
2026-09-28,9,51.1,53.0,47.7,2.36,,
